-- phpMyAdmin SQL Dump
-- version 4.5.4.1deb2ubuntu2
-- http://www.phpmyadmin.net
--
-- Servidor: localhost:3306
-- Tiempo de generación: 05-06-2018 a las 02:42:38
-- Versión del servidor: 5.7.22-0ubuntu0.16.04.1
-- Versión de PHP: 7.0.30-0ubuntu0.16.04.1

SET SQL_MODE = "NO_AUTO_VALUE_ON_ZERO";
SET time_zone = "+00:00";


/*!40101 SET @OLD_CHARACTER_SET_CLIENT=@@CHARACTER_SET_CLIENT */;
/*!40101 SET @OLD_CHARACTER_SET_RESULTS=@@CHARACTER_SET_RESULTS */;
/*!40101 SET @OLD_COLLATION_CONNECTION=@@COLLATION_CONNECTION */;
/*!40101 SET NAMES utf8mb4 */;

--
-- Base de datos: `pollamundialista`
--

-- --------------------------------------------------------

--
-- Estructura de tabla para la tabla `codigos_pollas`
--

CREATE TABLE `codigos_pollas` (
  `codjugadorpolla` varchar(8) COLLATE utf8_spanish_ci DEFAULT NULL,
  `identificacion_jugador` varchar(250) COLLATE utf8_spanish_ci DEFAULT NULL
) ENGINE=InnoDB DEFAULT CHARSET=utf8 COLLATE=utf8_spanish_ci;

--
-- Volcado de datos para la tabla `codigos_pollas`
--

INSERT INTO `codigos_pollas` (`codjugadorpolla`, `identificacion_jugador`) VALUES
('XLSMC24Z', '1098763464'),
('Y6DXD8CM', NULL),
('SCX644DX', NULL),
('MZAAVQHL', NULL),
('JGS8EHXG', NULL),
('NGTN5W48', NULL),
('CE83FGV1', NULL),
('VCOUF5KZ', NULL),
('TAXY1H38', NULL),
('AAJIGV9N', NULL),
('RFV2ZZ8U', NULL),
('XRABFNIU', NULL),
('ZACA2QWI', NULL),
('K53UZBNG', NULL),
('WG3U2WKK', NULL),
('C76SCXMD', NULL),
('F6X438KC', NULL),
('E2QXNIKC', NULL),
('TWXTHWEX', NULL),
('5KG4WPZH', NULL),
('QFI6G8SO', NULL),
('YEWS9C91', NULL),
('VGMXUHP2', NULL),
('EUINDNWI', NULL),
('03RE3HYK', NULL),
('6CW9UPE6', NULL),
('1KOYCV6Y', NULL),
('USFJ2DQ6', NULL),
('1IFJ4GLH', NULL),
('K57LKEQ7', NULL),
('M6VOGJIV', NULL),
('0BVNTZ0U', NULL),
('TTDMT04B', NULL),
('SWZ09IZC', NULL),
('NVWVFV8B', NULL),
('4Z1O4E8O', NULL),
('8QPJ55DE', NULL),
('CIXKS6XI', NULL),
('B7U6RW3B', NULL),
('G3LZCZZ8', NULL),
('6HS28SCY', NULL),
('THGEX5RH', NULL),
('L58BV32U', NULL),
('U5QX8CRL', NULL),
('VZALOVKA', NULL),
('28MU4JHU', NULL),
('NWT2HR48', NULL),
('ZP2VLS2Q', NULL),
('V4FP30MM', NULL),
('DO31ATHP', NULL),
('NISTQPIG', NULL),
('RX1IFFFR', NULL),
('8C4QGBUM', NULL),
('T7D17A5P', NULL),
('ZRQCXLXS', NULL),
('EWC8NP4V', NULL),
('ZWWFD1Y6', NULL),
('C7M5PTMF', NULL),
('M0J2MOHR', NULL),
('D2AG6NHD', NULL),
('2IE2VFME', NULL),
('F42SGAIE', NULL),
('YTD86IS1', NULL),
('S2OL591W', NULL),
('Z0WECJYC', NULL),
('BODYJ0Z8', NULL),
('RPA6HB14', NULL),
('MSFX0OKV', NULL),
('Z7T64K2P', NULL),
('ROGIA8YC', NULL),
('SMMI356H', NULL),
('FWLZQYV3', NULL),
('IJ7NM5N2', NULL),
('2MHIAP5Z', NULL),
('PHYPW306', NULL),
('VCYEX8WO', NULL),
('DP410LPK', NULL),
('98YI50KE', NULL),
('TUMJFPLH', NULL),
('RC5TF0EZ', NULL),
('URWWRD9G', NULL),
('AK00BGR0', NULL),
('9ODE3HH1', NULL),
('RX3PO83L', NULL),
('D2GEO7LU', NULL),
('PZ1HT2VE', NULL),
('2OR824HT', NULL),
('U467VTER', NULL),
('Y2SC13VK', NULL),
('KZ7ZFO8E', NULL),
('VIEO1RO2', NULL),
('U5OJP9CY', NULL),
('1AQ5FUV1', NULL),
('002LHOOK', NULL),
('GPOF2YWT', NULL),
('M2GFWTBV', NULL),
('1F2X0CB7', NULL),
('4E1Z397N', NULL),
('GUAJPF9T', NULL),
('CNU6CU41', NULL),
('Q70S6WSQ', NULL),
('3DDH6NJB', NULL),
('J64MJPY3', NULL),
('D2WRQN6Q', NULL),
('GUY3ZXBW', NULL),
('8CEPHZGF', NULL),
('CDEINYNB', NULL),
('CNUAPNIC', NULL),
('Y49F49DD', NULL),
('SVN6UL7L', NULL),
('PULSYC4E', NULL),
('F2B7Z7DR', NULL),
('DG5PWTVA', NULL),
('OJYAGKIU', NULL),
('6KC7XZPQ', NULL),
('P3R6X94L', NULL),
('OZ5IK9BU', NULL),
('TW22Y6F4', NULL),
('1KBJLK1J', NULL),
('K5L8IE3C', NULL),
('IY8LTVF0', NULL),
('MXE87UIA', NULL),
('90O7HJFV', NULL),
('BYFLOYAJ', NULL),
('93ZWWRPD', NULL),
('GVQCG88B', NULL),
('850HVRTQ', NULL),
('73Z3T52I', NULL),
('EH3VMGUW', NULL),
('GUAHUT0N', NULL),
('Y0PYETBJ', NULL),
('NY5YG9WY', NULL),
('HGQD8F7P', NULL),
('LJJRK47J', NULL),
('NY1UH2GR', NULL),
('JU5KBEZZ', NULL),
('BDIMP3XO', NULL),
('L8WLBQTR', NULL),
('DFYKPGGS', NULL),
('A0CHN5GV', NULL),
('Y4KKR3F7', NULL),
('Z8NBFOXX', NULL),
('EX3JCNX3', NULL),
('1U9I9Q69', NULL),
('2S80NP2P', NULL),
('HB1QXP7J', NULL),
('5R9CWFXS', NULL),
('8OGSZTYE', NULL),
('2RPYFS8K', NULL),
('5R9KFSUB', NULL),
('T05ZYPEQ', NULL),
('XCWZU130', NULL),
('7PAFIF2H', NULL),
('3PBD8LU3', NULL),
('ZIN9ZEW5', NULL),
('N6CE82QN', NULL),
('K4YYLF19', NULL),
('CJLAS00W', NULL),
('JCZ853Y4', NULL),
('9YDLI9BT', NULL),
('FQRE61ZI', NULL),
('1OFVSH87', NULL),
('4DOLK5Q8', NULL),
('0AWJ2PUT', NULL),
('O94B9FWS', NULL),
('KKMAQ9RJ', NULL),
('UL9PTM9W', NULL),
('DVR3ZJX3', NULL),
('7E7EKOJM', NULL),
('008EZEYX', NULL),
('7YPPMOSD', NULL),
('6PGRSGT9', NULL),
('Z4CSYY39', NULL),
('K3NYJRD5', NULL),
('DFA5D1RP', NULL),
('BKYQBY0N', NULL),
('ZWNY5OCE', NULL),
('WURJR666', NULL),
('RIONYCLU', NULL),
('5A7X7PDN', NULL),
('DX0AVLHT', NULL),
('FPZ1MZ26', NULL),
('RIXACSRS', NULL),
('L9N9EFZR', NULL),
('TJ5IEC68', NULL),
('LV8P74I4', NULL),
('QZCEEX1Y', NULL),
('7JA6L1J2', NULL),
('CSS83B9P', NULL),
('0FIZHE9N', NULL),
('KW8G43PL', NULL),
('3V8XIJ6W', NULL),
('62PL1VCB', NULL),
('F6AVO4XR', NULL),
('HLMK8DRV', NULL),
('0YFUSNZJ', NULL),
('GNW6KE5J', NULL),
('D83O8E55', NULL),
('HL8DGCVS', NULL),
('H0N15R42', NULL),
('76OA6UOI', NULL),
('ALAFLK6C', NULL),
('CDKOPR4Q', NULL),
('ICDE1CSE', NULL),
('WMZ7XISB', NULL),
('PPG3FU2F', NULL),
('6GPOCXJE', NULL),
('3G1KHA7L', NULL),
('S4VY0D2T', NULL),
('A7RU7X6Z', NULL),
('OJ96583Q', NULL),
('ZYJ1HUFM', NULL),
('ARWY26UU', NULL),
('J3TQNJOJ', NULL),
('ZVIJ1G8B', NULL),
('91BL3D3N', NULL),
('TCYN14WM', NULL),
('1HGCMZ23', NULL),
('4VBUKITI', NULL),
('E49NLLGE', NULL),
('2WQFYLMT', NULL),
('I44Q0MQ6', NULL),
('6JY8EPYK', NULL),
('7QMB1PCI', NULL),
('JWVQSKGJ', NULL),
('B6AST36R', NULL),
('J1PCFDEH', NULL),
('8WYMPRWO', NULL),
('KU49YDTF', NULL),
('IOCGBNGY', NULL),
('PYJZBQ1C', NULL),
('UHFFJN8L', NULL),
('D3M9JUAN', NULL),
('I0ILOZGQ', NULL),
('WYU5F6O1', NULL),
('HYAZAK36', NULL),
('1KTARV91', NULL),
('YWDSTN43', NULL),
('LZ1GZCN1', NULL),
('C2L6RHST', NULL),
('X8PD6YP0', NULL),
('UQQNMZUQ', NULL),
('OXOOVHC9', NULL),
('XF72CWTN', NULL),
('63JFM0YP', NULL),
('50OHLXRM', NULL),
('ONJ1NO53', NULL),
('RA39K27U', NULL),
('7A0VN963', NULL),
('AG1CAEP8', NULL),
('4H7MA9LQ', NULL),
('LZMWKNSP', NULL),
('KREG0FVH', NULL),
('UJZEGS9Q', NULL),
('1JIWEEHT', NULL),
('48HV7UYJ', NULL),
('84KPZ83J', NULL),
('ME6I58AL', NULL),
('3HQQNU3B', NULL),
('3OYOULE2', NULL),
('1DN3R8AS', NULL),
('0TEGF9TG', NULL),
('I1NOX60U', NULL),
('DGJL93UU', NULL),
('JX6EVYOK', NULL),
('5ZMV5VUF', NULL),
('MYDTU4UR', NULL),
('WPY2LXXA', NULL),
('4MPXZA56', NULL),
('EZHLFDN4', NULL),
('H1G4WBDK', NULL),
('0TNOOFUE', NULL),
('1JKT193W', NULL),
('KOFEKYMA', NULL),
('XRX0EQ90', NULL),
('EAK95AJR', NULL),
('I8VGXV15', NULL),
('7NPAX1S1', NULL),
('42GGPRQW', NULL),
('6HRAALNS', NULL),
('UDPO4MTU', NULL),
('B6ATUIRY', NULL),
('T30AOR68', NULL),
('VUJKN5IS', NULL),
('PZOHSNNB', NULL),
('8MCHI0RL', NULL),
('FD408L3D', NULL),
('CX0NX0CI', NULL),
('8EZHY0YE', NULL),
('CZU3P9JR', NULL),
('T60H88X0', NULL),
('WN036MOQ', NULL),
('TXNJS54F', NULL),
('VBQVA1UQ', NULL),
('WKUGF4H4', NULL),
('0UKPRGHA', NULL),
('VOH5GC7J', NULL),
('PBJSBPEB', NULL),
('L666U643', NULL),
('P304OBK3', NULL),
('5Q3KZ69B', NULL),
('RXJUVV46', NULL),
('861LBUX3', NULL),
('CI5NPDJL', NULL),
('157P6Z5Z', NULL),
('PALN9CVJ', NULL),
('7XK8X352', NULL),
('NU6FW3CV', NULL),
('29EF0GGU', NULL),
('BVUR4GJH', NULL),
('NSNBBDT5', NULL),
('YJKUUMFZ', NULL),
('KY7YGPX7', NULL),
('JY2DXJNZ', NULL),
('WMLWHTU2', NULL),
('73M4DYT3', NULL),
('D7W1MYAI', NULL),
('1POT4RWM', NULL),
('KTKABB75', NULL),
('IIQJTXX0', NULL),
('Z6HTEZM6', NULL),
('3E62CX1V', NULL),
('V65962KY', NULL),
('X7U3L9D8', NULL),
('AM9NGSS0', NULL),
('VNEPQYTH', NULL),
('FCMTRU4V', NULL),
('HTXX02WR', NULL),
('P6216N59', NULL),
('KTFQZJG7', NULL),
('IQ8E6DDD', NULL),
('SGCERABL', NULL),
('8Y92O4DM', NULL),
('2FN908X8', NULL),
('P8L76VWN', NULL),
('K93E6W99', NULL),
('018HPP4P', NULL),
('48VB43BJ', NULL),
('RVDMI8AJ', NULL),
('ALYZ3UMI', NULL),
('9JFKLLYM', NULL),
('P9IV4M3T', NULL),
('HP655AKF', NULL),
('6E30RUP8', NULL),
('9E6NBDBL', NULL),
('KSWL4O7V', NULL),
('AMSYYMCG', NULL),
('TWY4IYFJ', NULL),
('JFGPWPBV', NULL),
('T40NCHV1', NULL),
('B7X20TW2', NULL),
('813K68AQ', NULL),
('OMSFTBZL', NULL),
('RDUU2ZQA', NULL),
('KC3OUICO', NULL),
('4JD66QWL', NULL),
('Y782CAE0', NULL),
('DYY25P11', NULL),
('W9WIVZ36', NULL),
('SE101U52', NULL),
('KJS84FGO', NULL),
('NP788RF7', NULL),
('7WIBAUO6', NULL),
('7VVTFJ3J', NULL),
('7HGU5RW4', NULL),
('L0TUKG4A', NULL),
('3286XWFX', NULL),
('175E94YD', NULL),
('Q71PWN7Z', NULL),
('ZIYCNO3U', NULL),
('9M40AAST', NULL),
('1TD98A8N', NULL),
('E6BIX8LX', NULL),
('PGO2K849', NULL),
('F004AFQW', NULL),
('046L6YQK', NULL),
('ZG876Z7Q', NULL),
('7GX7K761', NULL),
('EB35Y21K', NULL),
('89RG3D5Q', NULL),
('D32CUZZB', NULL),
('FOBJL2EL', NULL),
('KW51R9C3', NULL),
('1671CAVU', NULL),
('9NCC1F29', NULL),
('G7P3OSUB', NULL),
('DVRFGXKD', NULL),
('PLIYNSHK', NULL),
('J6JN34I0', NULL),
('T477W566', NULL),
('STD72TA6', NULL),
('HJXU4XI7', NULL),
('MKMV0CTL', NULL),
('Z0Z6325U', NULL),
('VRHN3MA7', NULL),
('BJOQO21V', NULL),
('KVJ1T6I5', NULL),
('OPEQD3SW', NULL),
('WG5X2AJM', NULL),
('NCUD9UNB', NULL),
('BVY0Z1RS', NULL),
('TVJFX9HP', NULL),
('1CKP8XLQ', NULL),
('LHK0FAD0', NULL),
('KSTBWH32', NULL),
('8D1UB3TY', NULL),
('ZL0ODSOJ', NULL),
('G681U5F2', NULL),
('OEXYETXY', NULL),
('7IUGWZM8', NULL),
('B4LF3UAM', NULL),
('FPM8ZREN', NULL),
('R26MVETA', NULL),
('KWD92LAD', NULL),
('RMJO5RUC', NULL),
('KGJUHK6E', NULL),
('ACIAVM32', NULL),
('GK933LHD', NULL),
('U5GYDU5G', NULL),
('SAW91NAR', NULL),
('F5ATJ7F2', NULL),
('0D67CUFW', NULL),
('Z8I0KDCG', NULL),
('V7H6CCCP', NULL),
('DA80QM6X', NULL),
('0JTWJU8H', NULL),
('F22E4989', NULL),
('4JKGH41N', NULL),
('51A4RTO5', NULL),
('3EMMKQOV', NULL),
('5FK0RDBC', NULL),
('P3PAJK90', NULL),
('GQZ1W8KA', NULL),
('ZP6YGAVJ', NULL),
('6LD2N2GS', NULL),
('KETK3680', NULL),
('TI4D9B69', NULL),
('BGR6KB9R', NULL),
('NPJTCEKY', NULL),
('V27H7ABZ', NULL),
('27FS0U0N', NULL),
('8TM5B4VX', NULL),
('N6DGIVW5', NULL),
('06F7XIBX', NULL),
('JGL3JTC7', NULL),
('WQQV6VXS', NULL),
('T4W4SGK1', NULL),
('2H78NBLP', NULL),
('JEMSHHHJ', NULL),
('E2NLKPL6', NULL),
('Z7UIEK5W', NULL),
('GVAKASKL', NULL),
('CI2P8J2S', NULL),
('RHY961NY', NULL),
('52DDJEFD', NULL),
('FLZ51ELE', NULL),
('EV9PASPD', NULL),
('NPDX0Z0N', NULL),
('9HFNIZLR', NULL),
('0ROJJCRS', NULL),
('B5F9C1XL', NULL),
('N5QI1GLV', NULL),
('56NWZLOT', NULL),
('NVSMWG34', NULL),
('SW3JZAY3', NULL),
('X650AJBE', NULL),
('SMQFDESV', NULL),
('KG2JGK8R', NULL),
('6J3DJAAE', NULL),
('S9DQJZV9', NULL),
('KE69VMEZ', NULL),
('GBGY9MVH', NULL),
('P0Y09X86', NULL),
('ED7TXTXQ', NULL),
('ODOFKJPI', NULL),
('DQ8BJFDT', NULL),
('NDJNXYUD', NULL),
('RUJDNOCF', NULL),
('G44ZQMWD', NULL),
('XT43UUPX', NULL),
('SF6ECO70', NULL),
('D3YGCQAI', NULL),
('Q2F05B0E', NULL),
('PR5MO5M3', NULL),
('AAJ7TICZ', NULL),
('4JNA0Y6B', NULL),
('WE3RTGRK', NULL),
('MBEB4DDX', NULL),
('PIG66DB9', NULL),
('P9LPX5VH', NULL),
('53IUR1GT', NULL),
('2M11PWRE', NULL),
('3IBU6OP9', NULL),
('WWMNCCYX', NULL),
('K7SGAF03', NULL),
('LUC9NW9D', NULL),
('06WMXK9B', NULL),
('SXSTO23A', NULL),
('KW1ZDXF4', NULL),
('K2D3PGRN', NULL),
('FNRAA1B9', NULL),
('ZQYA3ZUH', NULL),
('NW463T8R', NULL),
('FUNT3AZZ', NULL),
('F7HD8IDJ', NULL),
('WJVK11MD', NULL),
('4C67FP7M', NULL),
('CVQHHCKB', NULL),
('MPZSXXLB', NULL),
('2OANU6AW', NULL),
('NBX5BTAM', NULL),
('C48CFGXD', NULL),
('DTN2E2HB', NULL),
('TTBJ60MG', NULL),
('NSR3A37Z', NULL),
('BZWNHYVO', NULL),
('XT3HG7UV', NULL),
('CGQIBYVP', NULL),
('X2LZYHGL', NULL),
('N1QRWR3C', NULL),
('JJAYW5YH', NULL),
('1S59PH42', NULL),
('8QHV9LTP', NULL),
('TPBMIPPS', NULL),
('7RYCQ7CM', NULL),
('B0QI9OUW', NULL),
('M9C2UJ8E', NULL),
('AUKLA8G4', NULL),
('A45YYC2H', NULL),
('DK6DZAY0', NULL),
('7X9YIY0I', NULL),
('5QQ8RVI6', NULL),
('E1G6ID9K', NULL),
('V8PUR1JU', NULL),
('VMH8PD80', NULL),
('G2PDT2Z0', NULL),
('XYF5GP3Z', NULL),
('TAJAOORE', NULL),
('S0CMVTFU', NULL),
('9QEH9VKM', NULL),
('HD11Q299', NULL),
('3IV7S5P5', NULL),
('GYXW5VFY', NULL),
('YMM962XT', NULL),
('7OUWAX78', NULL),
('OPC46BBF', NULL),
('903ZQ8KC', NULL),
('49YE02VX', NULL),
('92UK3VRY', NULL),
('P3IE00RG', NULL),
('BPOKMRHS', NULL),
('H8BTW7JT', NULL),
('SL9OGZRT', NULL),
('0UK2R5W6', NULL),
('BUY4RHH3', NULL),
('1HP8P7LW', NULL),
('BD3X46VF', NULL),
('U7MAMORS', NULL),
('5BXJ7RQD', NULL),
('E0GF7VCR', NULL),
('P2W8ZBR6', NULL),
('IC98T832', NULL),
('DRAG0SS8', NULL),
('VAYSZAZB', NULL),
('1I56STBK', NULL),
('21TLSWEK', NULL),
('VWNWQBFM', NULL),
('DTQQXY96', NULL),
('9NASNY7Q', NULL),
('L4XQZ7AQ', NULL),
('QVJBPPIQ', NULL),
('YKR74XQX', NULL),
('E9C0F16Q', NULL),
('DYIU6VLK', NULL),
('WFICJ4O3', NULL),
('51MM9I8T', NULL),
('4WKYAJ2S', NULL),
('4SM4LJ5B', NULL),
('27CIGL0N', NULL),
('YHWI0CR9', NULL),
('7ONZEF3R', NULL),
('3LYMX2WP', NULL),
('ARUPPTCK', NULL),
('YOYU0XON', NULL),
('NPNPSK57', NULL),
('FRME49AV', NULL),
('EVH8I117', NULL),
('8RSG5CZU', NULL),
('CBZXCFUP', NULL),
('RYF47MYZ', NULL),
('XFZVXJEQ', NULL),
('HF3DCHGM', NULL),
('AP5X63MW', NULL),
('NDAM5F6Y', NULL),
('NJY0UWKR', NULL),
('MWXXIW5V', NULL),
('M1KMC2A6', NULL),
('G1LBLMCJ', NULL),
('2ST0LCFU', NULL),
('3GPLWQZI', NULL),
('JL8ZUI3T', NULL),
('AA7E1IK2', NULL),
('7MHPHYVG', NULL),
('9RCMO25Q', NULL),
('DH79C44C', NULL),
('8V6PNP6M', NULL),
('ACQJ0KEK', NULL),
('LLDM4PSM', NULL),
('OSO88KWQ', NULL),
('LD6NLCQM', NULL),
('AGGPE9W6', NULL),
('WKY03OFQ', NULL),
('OM3XINB2', NULL),
('LCXVG6UA', NULL),
('8OOGCUSH', NULL),
('76B33DM1', NULL),
('PZSTC96L', NULL),
('5Z4TIWU9', NULL),
('VH3FHNLK', NULL),
('I7H3AKM3', NULL),
('CR6AIUSX', NULL),
('TTFCW2MT', NULL),
('3C3FYOI0', NULL),
('3MTP1FFN', NULL),
('REHL767H', NULL),
('90UBI0KS', NULL),
('RU0IWCJD', NULL),
('4SLEFTM0', NULL),
('HDLXR7VO', NULL),
('V55UYETN', NULL),
('YY3UIM7K', NULL),
('K6AB1GR9', NULL),
('OWO119R2', NULL),
('0WUASPGM', NULL),
('KNQKA151', NULL),
('O0LL99XW', NULL),
('9OW34R01', NULL),
('7PZO12JN', NULL),
('OLHS0LDB', NULL),
('CFGDW7FY', NULL),
('5BFJF3YI', NULL),
('G8CRW0CV', NULL),
('EBAFQ3KP', NULL),
('CK7VW2L9', NULL),
('66C3RW6W', NULL),
('5QFWEK91', NULL),
('LVDUUZVU', NULL),
('XTSTR2YZ', NULL),
('SI3EM248', NULL),
('09KYCW7Y', NULL),
('VDTW0A3R', NULL),
('S8ULAKEB', NULL),
('XBRJS5RB', NULL),
('CZQ3FTLS', NULL),
('9COM2HVF', NULL),
('G0IJXEHR', NULL),
('GFHJFXME', NULL),
('NKPO1X09', NULL),
('L4SEC01L', NULL),
('5XHUR33R', NULL),
('LRSN01IT', NULL),
('J9A1A293', NULL),
('SHU0T8WC', NULL),
('6IAX9AAG', NULL),
('315LT8BL', NULL),
('H9ZKCYCD', NULL),
('PNPWI44N', NULL),
('4897AEDG', NULL),
('XI06EOS6', NULL),
('8CCQOL5G', NULL),
('17I1DLXB', NULL),
('EVGSOVQ3', NULL),
('9QSHCQBZ', NULL),
('FJSQXIDS', NULL),
('5ZJDTHXG', NULL),
('YW884R8D', NULL),
('C4VWJ0RG', NULL),
('0K2TX05B', NULL),
('F02M9PPJ', NULL),
('ZETS07WB', NULL),
('UYX30MIV', NULL),
('VZDMD1X1', NULL),
('GFZXIB0I', NULL),
('5O9LRN7O', NULL),
('TK8YVWC9', NULL),
('63EUHCU2', NULL),
('G4P0CNEU', NULL),
('2DV36ND3', NULL),
('G4YQQAJ3', NULL),
('OZ62GEG4', NULL),
('3OIG9IFQ', NULL),
('VG9GWEG2', NULL),
('ONU6M4SU', NULL),
('6TPDC7G3', NULL),
('P71VA2LR', NULL),
('941ZI3PM', NULL),
('FKKTASO7', NULL),
('EXHAFEUO', NULL),
('2Z3DBL69', NULL),
('R3BGBRU2', NULL),
('PFBGN6KZ', NULL),
('4A05NRMS', NULL),
('DY8TSX3D', NULL),
('QKYWW5Q9', NULL),
('L0AQ963P', NULL),
('U01DAZ4S', NULL),
('ZCPO8EZH', NULL),
('Q2USDVD3', NULL),
('DJQBYXU7', NULL),
('3N0L1AGV', NULL),
('42WRTO8Z', NULL),
('OIOZAPWV', NULL),
('0G3U7YVD', NULL),
('SJ6TXSMG', NULL),
('HLOJE12R', NULL),
('LSVABAA0', NULL),
('HTPW7ZOJ', NULL),
('L0H6XFDN', NULL),
('2TO5NJT5', NULL),
('1EJ4ZO6D', NULL),
('FTBXWNN4', NULL),
('KOWXTAG1', NULL),
('5MAF4RO4', NULL),
('WGPPOFIY', NULL),
('8JZAKSSP', NULL),
('X335AM8U', NULL),
('SYCVW66P', NULL),
('RVDL198H', NULL),
('AQA8F2LR', NULL),
('4JXP3NLB', NULL),
('X4YDXG1T', NULL),
('FOPYHOOV', NULL),
('6IHUOJPM', NULL),
('UUSZXS0X', NULL),
('4S0O5RNP', NULL),
('QQS169NW', NULL),
('MHXOKEID', NULL),
('DAFLNKRB', NULL),
('3U2ZX3IP', NULL),
('B6EM27O5', NULL),
('8Q3P9GYY', NULL),
('RB6IUR02', NULL),
('DDCPVFP9', NULL),
('5EU69OK4', NULL),
('19Z7F36J', NULL),
('ZKN6ETKV', NULL),
('Z6D7YR5C', NULL),
('ZQIPX5TD', NULL),
('67RIDT8R', NULL),
('GA1BEFF5', NULL),
('5MAWWAGX', NULL),
('LCBALYU6', NULL),
('OH565HDL', NULL),
('8JSB00ME', NULL),
('UMFI8LV5', NULL),
('LYOTECGE', NULL),
('8P59C0K3', NULL),
('JVNSNPTO', NULL),
('Q8QB3CDE', NULL),
('PUAAQYYK', NULL),
('WPZO7MEI', NULL),
('2L66MRIC', NULL),
('R3K9QTTS', NULL),
('O7GSS3GI', NULL),
('NY2II778', NULL),
('L30FC7GC', NULL),
('23TZAMC1', NULL),
('Z2WW905Y', NULL),
('B1CI7FQ2', NULL),
('4LJR05Q0', NULL),
('RYCGS728', NULL),
('L7RBO3BU', NULL),
('1CV5QW22', NULL),
('WX8HT1Y0', NULL),
('FXKVA7R0', NULL),
('RC71OM5U', NULL),
('C5V1C9PV', NULL),
('KFVCZGQU', NULL),
('R7W53W8M', NULL),
('N9GTX9LC', NULL),
('NXW8T7RI', NULL),
('3PY6Q9K2', NULL),
('MX402MAY', NULL),
('NYC7FG0N', NULL),
('YY15ELAV', NULL),
('QKTEXZU1', NULL),
('CQI40RQE', NULL),
('5RUM27SE', NULL),
('7A8C67KG', NULL),
('Y5VRY4ZT', NULL),
('08T0N1X4', NULL),
('UQOFZ4NS', NULL),
('NMFAFR0E', NULL),
('WAD88F7C', NULL),
('8X99C4Q3', NULL),
('C0TP6TLR', NULL),
('AF2IZJ8N', NULL),
('U6XGUN4K', NULL),
('4BHWOV62', NULL),
('AJZC7L3Y', NULL),
('UJDZE74D', NULL),
('7XI55P51', NULL),
('AEO6835I', NULL),
('LJ199B08', NULL),
('E8S2I2F2', NULL),
('XW5EKWFP', NULL),
('DKY3ZL7Y', NULL),
('M90CDMTR', NULL),
('FZ94IQDT', NULL),
('O1LK6Y4S', NULL),
('L2VV525G', NULL),
('UN9ESUO6', NULL),
('1GCISI4M', NULL),
('P02V7KZK', NULL),
('G94KUWQX', NULL),
('I3Y4HMLQ', NULL),
('8L81A4R7', NULL),
('FUUYZLR7', NULL),
('YC6KVNW9', NULL),
('8ZYZ2Y4M', NULL),
('07W5N1P4', NULL),
('TRA8GRLJ', NULL),
('6684QQQE', NULL),
('8M6RZSIQ', NULL),
('R4JGEGQR', NULL),
('HIZXTK04', NULL),
('E5SLSSRC', NULL),
('R04Z643J', NULL),
('S3XVZTVE', NULL),
('5950V7QO', NULL),
('MUQ0MRIA', NULL),
('V3CK5JL7', NULL),
('AEZDY891', NULL),
('3I35WL2G', NULL),
('D8N6CGF4', NULL),
('2E6VUTIS', NULL),
('K0YQG0Y7', NULL),
('ANXSWQVV', NULL),
('TPGCCZFN', NULL),
('KYLCAFWY', NULL),
('V4SBENJP', NULL),
('X73N623T', NULL),
('VAVFZDZ8', NULL),
('0YIU0QRD', NULL),
('3L3NZ9PF', NULL),
('3YXDYDG7', NULL),
('Y043O3PN', NULL),
('MZ0UA0HO', NULL),
('NS3SKU4V', NULL),
('80QGHGO4', NULL),
('5ZZRXDUC', NULL),
('VRGUVTAS', NULL),
('90G69C51', NULL),
('GHDEU6TB', NULL),
('OYJRW8TL', NULL),
('5MFWOOHM', NULL),
('UVX4CBLU', NULL),
('ZAX9RSEA', NULL),
('X3GYCCES', NULL),
('O933Q7KB', NULL),
('0586U4RO', NULL),
('MU6R279Y', NULL),
('HA898OAY', NULL),
('O80Z9CJP', NULL),
('EDF13OOD', NULL),
('RSGMZCPI', NULL),
('2YQ56VUV', NULL),
('JQ6H1ZAE', NULL),
('NSSTP57P', NULL),
('4UW1YON2', NULL),
('8EECU8JR', NULL),
('ZHFH882Y', NULL),
('M3CDHYEU', NULL),
('C3ZEBR64', NULL),
('B0F3MTBL', NULL),
('OAH6WIXU', NULL),
('BJEQKRMP', NULL),
('UQVXNGNO', NULL),
('4N1HVVPH', NULL),
('3MGCOVOR', NULL),
('RAIE28YH', NULL),
('JGKH3G2R', NULL),
('DKSH12N7', NULL),
('SHNEL9JP', NULL),
('RCF8RNCM', NULL),
('2TH6BV70', NULL),
('W92GT1KE', NULL),
('CQK384FJ', NULL),
('1SSQP4RZ', NULL),
('8S3EBNOK', NULL),
('29CIDAR2', NULL),
('3SBB7G1R', NULL),
('WWV7J2KN', NULL),
('I25CPUG6', NULL),
('YOE2YQBA', NULL),
('IW72V5Q9', NULL),
('XG6UP5UL', NULL),
('FMQA1YNK', NULL),
('CH53ECPB', NULL),
('Q2GGNGTF', NULL),
('OMOXX8Y7', NULL),
('I7X5JBKT', NULL),
('ORJG9DR3', NULL),
('CKRYUK3O', NULL),
('ROQWT3R5', NULL),
('CK51N7Q1', NULL),
('DVP9W797', NULL),
('J8Y7PCQL', NULL),
('PBX2UZLQ', NULL),
('69WXVMFP', NULL),
('9MU1REX2', NULL),
('D7KSQFZJ', NULL),
('626STZDB', NULL),
('H3NU0LWY', NULL),
('N511IJSV', NULL),
('VPKE2YNX', NULL),
('OJGJ3MQR', NULL),
('F7IYONR6', NULL),
('ZVYSJY4G', NULL),
('2GMCQUFV', NULL),
('05RRPUCX', NULL),
('1DZXUQ03', NULL),
('X84H2OUY', NULL),
('Q9HX0D16', NULL),
('384VPZSG', NULL),
('7I7JO5VV', NULL),
('LT0QPP5L', NULL),
('60DW6ACF', NULL),
('UW6T4ZFK', NULL),
('6G2O2RXA', NULL),
('8UEDQPLR', NULL),
('V2A3QPHP', NULL),
('LFKMYEGT', NULL),
('YQDD7QXQ', NULL),
('5PJQNFIM', NULL),
('PSJ7EEGH', NULL),
('U012WKRG', NULL),
('R3ZXI1SL', NULL),
('ZGK03A81', NULL),
('ZYZRPZQW', NULL),
('QXNX9AYU', NULL),
('06LG49MB', NULL),
('G4NAPE46', NULL),
('WK0KNAPP', NULL),
('YZ302OPZ', NULL),
('8I293LRV', NULL),
('LTMM7IC2', NULL),
('U627ZVOC', NULL),
('IWTFOW9P', NULL),
('QYMBIL8B', NULL),
('J1RX8TDF', NULL),
('IAJX0TXZ', NULL),
('YN55B62Z', NULL),
('MS8WO9LZ', NULL),
('AVJA9ELV', NULL),
('V9UQ8SPG', NULL),
('2XBBU5GZ', NULL),
('T8U7UVD4', NULL),
('P3LMB0XL', NULL),
('RATZWTH1', NULL),
('F3BO3DKK', NULL),
('93QFJP3E', NULL),
('I8K1VXWP', NULL),
('1ULV32LL', NULL),
('9YFVHUJ9', NULL),
('REOPJ3H4', NULL),
('I3YSHWN5', NULL),
('YR8XP9KP', NULL),
('R93ARDEQ', NULL),
('FVAZ3ORM', NULL),
('TIHXBCBE', NULL),
('1ZZMU45K', NULL),
('PCVQRPVK', NULL),
('J72Q98TT', NULL),
('D21S7IBK', NULL),
('O2FG4MPR', NULL),
('S38OVQ39', NULL),
('RVREG4UJ', NULL),
('US7GCVNM', NULL),
('9YEQGTL0', NULL),
('D4B2IZBI', NULL),
('0UMRD7IE', NULL),
('93XXRTUX', NULL),
('CQLY7XKU', NULL),
('OZVKWKLJ', NULL),
('10YJ2M0H', NULL),
('ACYLWBCY', NULL),
('QH6X6YY9', NULL),
('OS6GGO8U', NULL),
('OPBBNU3V', NULL),
('D7QA4K6V', NULL),
('NZWF5K65', NULL),
('3GIQBTCQ', NULL),
('Y1GQ6EE8', NULL),
('JK5C3O50', NULL),
('GI02NAH1', NULL),
('T55LK7LM', NULL),
('GG16MLWC', NULL),
('QL4XAR4C', NULL),
('I2A1JBRH', NULL),
('I9B5NMBQ', NULL),
('XPS22DBB', NULL),
('J2MMFVAG', NULL),
('Q1Z3UW82', NULL),
('PU7IOK5N', NULL),
('MN6908PB', NULL),
('H1P93PIH', NULL),
('2Y95UKY0', NULL),
('ZNPL2ACA', NULL),
('0F7WHTUF', NULL),
('VHZEN5S6', NULL),
('OLMQREF6', NULL),
('KFXDMUJ1', NULL),
('JXMEFU6F', NULL),
('KL2NIA0P', NULL),
('EO9T1LPZ', NULL),
('HBRG8R9V', NULL),
('CFJ1AD8F', NULL),
('O0DL791S', NULL),
('3FIBIJ22', NULL),
('ZSK99L52', NULL),
('PB7ZXH59', NULL),
('XBHUH8WN', NULL),
('F8IDF7DH', NULL),
('2B968NY6', NULL),
('UX0DK4SI', NULL),
('GCFVSAXH', NULL),
('UGRMG5OY', NULL),
('ZTV5CHNF', NULL),
('5IPS49EL', NULL),
('DQN8KBN5', NULL),
('CX1OLN01', NULL),
('I1XVOF7G', NULL),
('0E45BZSV', NULL),
('0QOUQT36', NULL),
('3EM7VUFU', NULL),
('WUHPV7J6', NULL),
('JMV0BUJY', NULL),
('V7E6BRUV', NULL),
('QMH5EPQK', NULL),
('KPICB1P5', NULL),
('I7XWPVCU', NULL),
('W4NKPKPC', NULL),
('S0LAG1Z3', NULL),
('96X7EXJB', NULL),
('RYTT5X5A', NULL),
('BUSL4STQ', NULL),
('06S4YIEW', NULL),
('JTQDZ4YF', NULL),
('F9BDK7HF', NULL),
('843VQDYV', NULL),
('6JSNOLJK', NULL),
('PCG8BNE5', NULL),
('BIOAX77M', NULL),
('BLFOQ7AC', NULL),
('3UPL1C7X', NULL),
('6EDHI4CC', NULL),
('WWS1XJ2Q', NULL),
('5V8ERHG0', NULL),
('UKW2YS5R', NULL),
('7L3F7BWZ', NULL),
('HYLTI8BC', NULL),
('GJTA0Q25', NULL),
('U2O6KBUO', NULL),
('21412GED', NULL),
('DW339CDR', NULL),
('F1ZPT4PS', NULL),
('6CN3W71U', NULL),
('RS76GKO8', NULL),
('5XE9X91U', NULL),
('83YXC347', NULL),
('JKTB08Q7', NULL),
('SYVNFGM0', NULL),
('0JK5GNNK', NULL),
('1KD3WZPH', NULL),
('LG0G6AL6', NULL),
('ETEO196L', NULL),
('IBFC0ZLM', NULL),
('XFV0K55V', NULL),
('OE40DKHJ', NULL),
('1GNAHPPP', NULL),
('I152DC0G', NULL),
('IAQ2U8RQ', NULL),
('CDNYSLL5', NULL),
('U0ELFBYL', NULL),
('LGHXR27Y', NULL),
('WEMD7N67', NULL),
('S8KQFXLP', NULL),
('SSTJXG26', NULL),
('F6WBMNCO', NULL),
('DMMT5CE7', NULL),
('DQ7CF42N', NULL),
('VG71XUWH', NULL),
('HCXFE6PP', NULL),
('OFEESIYL', NULL),
('SGWYK3IZ', NULL),
('98GN9BWV', NULL),
('XIML1EKR', NULL),
('9U8ATWQG', NULL),
('MQAJ41E6', NULL),
('A94HPJ1G', NULL),
('34AYGUXR', NULL),
('XI7JNMPE', NULL),
('H5VGAQZZ', NULL),
('JRS9Z533', NULL),
('9HKYXV98', NULL),
('AK635VA6', NULL),
('G8961MCI', NULL),
('DT5DPMTI', NULL),
('DBKYA1HY', NULL),
('O3J8X3CG', NULL),
('ZF45G5DH', NULL),
('GNVNKZZX', NULL),
('EVLCQGYS', NULL),
('IUH13WT3', NULL),
('CU21T4ON', NULL),
('BTS4C3MI', NULL),
('FA0TV9ID', NULL),
('KQNA65LP', NULL),
('8IMK61I7', NULL),
('ERJDN1PK', NULL),
('OOP3TFC0', NULL),
('G9AZEVSA', NULL),
('N8PL3RDO', NULL),
('KK4THJA6', NULL),
('APWLJKF0', NULL),
('BOWHLEUL', NULL),
('51RZXN2P', NULL),
('3Z3TA8SG', NULL),
('7CHSEN6O', NULL),
('70G1X46Z', NULL),
('95PEVOEZ', NULL),
('DM2W0HH8', NULL),
('2Z0LUIEW', NULL),
('525S1AIS', NULL),
('Z73QKKPQ', NULL),
('Y7J172FU', NULL),
('95W7KGHX', NULL),
('NEKPJW11', NULL),
('4DUTW218', NULL),
('WI5F88CV', NULL),
('UNUJIBHP', NULL),
('D5GBM3JO', NULL),
('QEO659KY', NULL),
('PEEAMIUE', NULL),
('HXGJMFA4', NULL),
('3BP93Z1J', NULL),
('TDRSTV2U', NULL),
('WIKRP411', NULL),
('0Y1MPIR1', NULL),
('YUXMJPQ6', NULL),
('WHOSK1P6', NULL),
('ZQIMVBEU', NULL),
('D2NOTION', NULL),
('MDY6KQDG', NULL),
('I8B4Y2TM', NULL),
('4TL5NB0F', NULL),
('C5M6ZB4O', NULL),
('BHJFFG7Z', NULL),
('D00JHR0L', NULL),
('NO4PZTXY', NULL),
('DQCFVK1B', NULL),
('J54OGS4E', NULL),
('68Y65DXL', NULL),
('FWITMDAO', NULL),
('6811V2RR', NULL),
('XWJ55M7Q', NULL),
('PSHNO1Y8', NULL),
('C7O21LFC', NULL),
('N0F7BS08', NULL),
('ACE79ZMT', NULL),
('RAN1IDGD', NULL),
('42OMWVQH', NULL),
('YYWYGFKR', NULL),
('WWE2S62X', NULL),
('KL5CJ632', NULL),
('JX72FW5B', NULL),
('31G5VV3I', NULL),
('9MSSQ8SN', NULL),
('G3YZP8UB', NULL),
('PRNSTVQR', NULL),
('8XL9USV5', NULL),
('RB4IPCIZ', NULL),
('EL7QG6ET', NULL),
('UVN3NWP8', NULL),
('OW57GIN7', NULL),
('S8AJLT2F', NULL),
('JQEBMMU4', NULL),
('HMKRXHSY', NULL),
('HO6RBLQE', NULL),
('YAWFCPKK', NULL),
('L6NAZABB', NULL),
('F4SJ12G4', NULL),
('XR6BFGEM', NULL),
('WEL5LBWR', NULL),
('ID40CKBS', NULL),
('HPXO77BW', NULL),
('P347G44B', NULL),
('1JA2XZG3', NULL),
('MLARFS86', NULL),
('GVMIRY9Y', NULL),
('TZPQYPAS', NULL),
('8PV4Z9T2', NULL),
('2ZZ93GVO', NULL),
('51VVFHFN', NULL),
('C18F1ZNE', NULL),
('BLG55I4L', NULL),
('2S819LOH', NULL),
('8EUNFHPA', NULL),
('GZ4GNXQ4', NULL),
('D4TRGSFD', NULL),
('LTP42WZ8', NULL),
('G8KWTWAK', NULL),
('1E2B1T0C', NULL),
('9VNWKDCK', NULL),
('VG53GB92', NULL),
('1X5E0N58', NULL),
('J6A5I8MG', NULL),
('FDOOU6UO', NULL),
('EQFX9CVI', NULL),
('K970A5UK', NULL),
('7UHESTUT', NULL),
('Z2KT14V9', NULL),
('VV2C60QX', NULL),
('9HXKMYCV', NULL),
('5ORAFUXL', NULL),
('5IH6V9C8', NULL),
('W71GWVRX', NULL),
('DLDJTQF9', NULL),
('70Z8EPFM', NULL),
('RC0WJTJF', NULL),
('7QC6GTKP', NULL),
('VBZ2LLNV', NULL),
('7M80V72A', NULL),
('EE6FUR3X', NULL),
('RUZN7GPY', NULL),
('K55RT6BG', NULL),
('XJSJW18P', NULL),
('DJ7VSF66', NULL),
('9CH4OXY3', NULL),
('VDYU1QUL', NULL),
('YVSMAFVB', NULL),
('W6R65FCZ', NULL),
('LHQ0IA5C', NULL),
('4LG1TPYU', NULL),
('NNUOZO7Z', NULL),
('K0O0SJ3O', NULL),
('KGS9YREQ', NULL),
('C51RNDAC', NULL),
('2UGW51FR', NULL),
('BZ8GX2DF', NULL),
('8XJYWBJ4', NULL),
('476RKAFW', NULL),
('HHUI1Z9N', NULL),
('QN1CKC8F', NULL),
('7B00R2IO', NULL),
('1JPC5R0C', NULL),
('9H6WCDB7', NULL),
('7CUF4UIC', NULL),
('EYK5UB2V', NULL),
('9FSNI0ZV', NULL),
('OQJZ9TC7', NULL),
('2RX3RSM9', NULL),
('EA0X9ZHB', NULL),
('WT524ZEO', NULL),
('O3ILA06Z', NULL),
('XMZFSSJU', NULL),
('SYUNCDJV', NULL),
('9OJCLGU2', NULL),
('3XTCP7KS', NULL),
('5XW6QT5B', NULL),
('U14M3LAS', NULL),
('5E96ASLI', NULL),
('6EREAJWV', NULL),
('C3C96RQ1', NULL),
('Z5B868I9', NULL),
('GPD6T2VI', NULL),
('FGF5UHQ8', NULL),
('EFU90K02', NULL),
('5L7EEGMM', NULL),
('4Z14G8AE', NULL),
('V2F59X24', NULL),
('IE42MCM7', NULL),
('QWF6O35C', NULL),
('Y8Y2OP1R', NULL),
('8N2S0E6C', NULL),
('EPMD4OZI', NULL),
('BIXDQFZO', NULL),
('8M1OWHLG', NULL),
('JDHORX5U', NULL),
('0DDIRXQP', NULL),
('33JVK8GR', NULL),
('T0Y8GM06', NULL),
('DCIYH22X', NULL),
('CD8LUV7M', NULL),
('X7DYV03F', NULL),
('VKAY6LNC', NULL),
('2LI2FSEL', NULL),
('QHVAQ6TU', NULL),
('YLMRINGW', NULL),
('GJJONRNL', NULL),
('B62H7Q0U', NULL),
('7QCD9DFO', NULL),
('FZ6YAPBE', NULL),
('37BI3E1T', NULL),
('SRLM5KZM', NULL),
('3WW1MMC6', NULL),
('51TBQL6B', NULL),
('NCHDWOMR', NULL),
('KDQ4YVZI', NULL),
('E6JOSI96', NULL),
('CM516PYS', NULL),
('03IB3OMW', NULL),
('73C4L94S', NULL),
('5E68SAF6', NULL),
('T7S8FIRW', NULL),
('TDQNF68P', NULL),
('RV809F5T', NULL),
('3VHF5Q9T', NULL),
('7O5BPHKU', NULL),
('ZXANRO03', NULL),
('NKCIAO6G', NULL),
('075BI81J', NULL),
('BWYLY7EV', NULL),
('CSK7D1QQ', NULL),
('CWRSRCL9', NULL),
('P53Y7DML', NULL),
('LBEJ5NEW', NULL),
('3EAA4815', NULL),
('RPNIATHZ', NULL),
('UE0A61PU', NULL),
('SWJMRX5Z', NULL),
('KGWSHN4I', NULL),
('3PHENPYY', NULL),
('S7BZ38P0', NULL),
('Y3F4HAUW', NULL),
('JWAUHLDB', NULL),
('KNTE19GC', NULL),
('HMHJGDF2', NULL),
('0M823FGM', NULL),
('A3NSO245', NULL),
('HK89UA7C', NULL),
('ZI7YQWU3', NULL),
('WCNFXNAL', NULL),
('56300G1B', NULL),
('XK0ENABC', NULL),
('ZF8DBC79', NULL),
('W65XB7IN', NULL),
('8BXVKWM2', NULL),
('MXJF5YAF', NULL),
('4ZC5YHY5', NULL),
('3A670HXO', NULL),
('T6KK77PX', NULL),
('L30JAKSE', NULL),
('UUD7K37R', NULL),
('H4XWELQX', NULL),
('BB5DQATY', NULL),
('1AA4TFG9', NULL),
('VZ5HMV34', NULL),
('QUSBZCLX', NULL),
('RTGG59K0', NULL),
('6EA1UGK6', NULL),
('5GLS2MC7', NULL),
('DCRVN1OY', NULL),
('F5DK110P', NULL),
('XFPKWRVU', NULL),
('TRGBVQYI', NULL),
('ZFHASI56', NULL),
('5EXOLP3F', NULL),
('BS5Q3EDF', NULL),
('C6FGSHK1', NULL),
('KAO5XPPI', NULL),
('XG4M72BV', NULL),
('R4KX0FG2', NULL),
('JFLW5MTZ', NULL),
('SRVFBTWN', NULL),
('L717YNX9', NULL),
('SB5A9JG0', NULL),
('EGHC1PQO', NULL),
('J2R7HJUU', NULL),
('I9D626LI', NULL),
('JGMK34HZ', NULL),
('21ZMCOJZ', NULL),
('TP1MTKI7', NULL),
('4ZSK1719', NULL),
('BI40PNIG', NULL),
('XFO2M5V9', NULL),
('BWA75MS9', NULL),
('OWAX53SJ', NULL),
('WIQ7FAZZ', NULL),
('PT4M1YWM', NULL),
('PAX1UPNI', NULL),
('WXKJ55S0', NULL),
('5ZFHIQ4P', NULL),
('QEJNBKU2', NULL),
('FYYF0RCF', NULL),
('9EX0G5P7', NULL),
('WWVIGK4Q', NULL),
('14D517IA', NULL),
('J3RS0SKQ', NULL),
('RSFDDK79', NULL),
('7UXULAZA', NULL),
('1FJPDQQG', NULL),
('0QPOLYEP', NULL),
('RQACUMIM', NULL),
('76FK4QPR', NULL),
('9NI22IJ8', NULL),
('ZBMNC752', NULL),
('4DSJ7ILK', NULL),
('KFEL12KY', NULL),
('77M8Z4AF', NULL),
('0UZ6A8RN', NULL),
('J4CJXHMZ', NULL),
('MR8Q267X', NULL),
('MTJKK1L6', NULL),
('E7U42LPJ', NULL),
('I5T1NAHD', NULL),
('TRRSA0EY', NULL),
('I3XO3TZH', NULL),
('FRNXOMQ1', NULL),
('NG7A923S', NULL),
('DB9TYXOF', NULL),
('HDEXV4MD', NULL),
('SOTUNGR7', NULL),
('PYPU8O5C', NULL),
('Z61S3076', NULL),
('RFGO11WL', NULL),
('3I4MVBF8', NULL),
('2241MD50', NULL),
('PQ9R81MS', NULL),
('6RY9WQGF', NULL),
('PAP5JRWX', NULL),
('6RVR4468', NULL),
('WZVZDHRE', NULL),
('I9CQSYLA', NULL),
('NR0EWZ8Y', NULL),
('114YBB3N', NULL),
('P3G9RFA7', NULL),
('Q9SMXYT6', NULL),
('ZWSFDMRI', NULL),
('BERMCGWG', NULL),
('BV2GOD3Z', NULL),
('D7GFX0S8', NULL),
('LCLBE5J2', NULL),
('F3T6ZCQ4', NULL),
('MJT4DGIM', NULL),
('EYP51EK2', NULL),
('BSDD6OYB', NULL),
('XK00IAX5', NULL),
('JBT98OS0', NULL),
('JZKUIF74', NULL),
('ZKMY0QT5', NULL),
('04MYWC41', NULL),
('8HFBABNA', NULL),
('VGWEFA26', NULL),
('LDQDREHH', NULL),
('PK0WTVVD', NULL),
('TF33PM0E', NULL),
('0TKRK9PB', NULL),
('XJFKP497', NULL),
('U82SFYTR', NULL),
('5EYBKJ10', NULL),
('F89Z2VBP', NULL),
('GD0YABR5', NULL),
('7EQOT7V8', NULL),
('7ZEK57O1', NULL),
('V8CLEI4C', NULL),
('KU9O51U2', NULL),
('SP2LNMTV', NULL),
('EN55SYX2', NULL),
('LIDKUHQW', NULL),
('Q33R2RZX', NULL),
('8RUU4TPZ', NULL),
('NR9N151L', NULL),
('0YDHMCN9', NULL),
('5AL8ZGDN', NULL),
('N6S9MMOZ', NULL),
('RG1HAOMZ', NULL),
('95PDS4OJ', NULL),
('7JH705OJ', NULL),
('APUKSUKA', NULL),
('B5V1I1EK', NULL),
('BYAF3FKX', NULL),
('315F5JBP', NULL),
('LW3LGTKK', NULL),
('VQALNQQW', NULL),
('2WZTCPXD', NULL),
('MX8J7WFW', NULL),
('0VTM6O90', NULL),
('18JCJNFB', NULL),
('9AIVC7IG', NULL),
('XORSB8R3', NULL),
('MK0JDM50', NULL),
('DPXFMQ46', NULL),
('8F2KCK09', NULL),
('08TE16AF', NULL),
('O1LF2OMW', NULL),
('GEDJGMYP', NULL),
('DGFN19U8', NULL),
('VGXCWW25', NULL),
('L1HD8QSH', NULL),
('SL4NCOHP', NULL),
('EMVJF5PC', NULL),
('DD9F43JX', NULL),
('T3F0IC0V', NULL),
('70ISYYRH', NULL),
('0NS1A240', NULL),
('GG3MODFF', NULL),
('PAN1DI3T', NULL),
('QW6ISBDA', NULL),
('W8N7KAUA', NULL),
('O258NK86', NULL),
('VWBNVMPG', NULL),
('HEUET4X7', NULL),
('UNG4U8PD', NULL),
('43T0XWWZ', NULL),
('E7B9J5CC', NULL),
('KI2AQY9Y', NULL),
('NTN5T5VL', NULL),
('7JXB7Q96', NULL),
('GQX17LMN', NULL),
('NKN8486K', NULL),
('U9LUVASY', NULL),
('GQB7XNPR', NULL),
('8DH0JLM2', NULL),
('X8XYQSK8', NULL),
('ILKD6ME5', NULL),
('8PZ0BRDV', NULL),
('19U6NAUZ', NULL),
('GRXYJ24W', NULL),
('OT0K1OPU', NULL),
('YH5EBNPY', NULL),
('NMDQJ32B', NULL),
('YHJ8TMME', NULL),
('CIT3FRBZ', NULL),
('3PVG6BV0', NULL),
('RDNOPYFR', NULL),
('S0YZAQH8', NULL),
('8INAMN4W', NULL),
('WDVD9ZWW', NULL),
('MJR6C1F5', NULL),
('FN4FABW7', NULL),
('R033AIRB', NULL),
('3OXK18UJ', NULL),
('YHXY9YYB', NULL),
('YQUTUQ94', NULL),
('FGFWDRB6', NULL),
('0C5DXWS2', NULL),
('NV1B4FUW', NULL),
('69EJQYF0', NULL),
('PMTS3OV2', NULL),
('F5T87WWO', NULL),
('E6MC92TH', NULL),
('TRL5R4CI', NULL),
('CEN7KH3K', NULL),
('05GJAKOU', NULL),
('YSEA5J4L', NULL),
('XTVOEJ2V', NULL),
('L59MHNY9', NULL),
('9BUATIK3', NULL),
('ADNK7J01', NULL),
('54AFV31I', NULL),
('5D3XDJA9', NULL),
('VF3OPGHV', NULL),
('WGD7H3GL', NULL),
('0F4839GQ', NULL),
('PPDBPB8Z', NULL),
('KHB5OBC9', NULL),
('POPWLPPD', NULL),
('LVFRL2H4', NULL),
('335VP73B', NULL),
('3OHDPDZX', NULL),
('P64ZE5SS', NULL),
('3EE923D6', NULL),
('7D7EJCTZ', NULL),
('229Q92VP', NULL),
('IT9IR4XB', NULL),
('9OR1MST1', NULL),
('5I6OM1OI', NULL),
('ZJ77OGLJ', NULL),
('ZFUA56DL', NULL),
('DXID2YMH', NULL),
('JL3O27ZI', NULL),
('C238XKRV', NULL),
('N9S084R8', NULL),
('1FKISRQO', NULL),
('KV5IGBWA', NULL),
('98HL4H30', NULL),
('BPJGBDTA', NULL),
('0VKP91SL', NULL),
('WZHDN4KP', NULL),
('C36463I2', NULL),
('D9UICC18', NULL),
('70URY49Y', NULL),
('7L66GCXU', NULL),
('5UPWMEXC', NULL),
('UT6P7P92', NULL),
('H3KTCLN1', NULL),
('AJ3UB81S', NULL),
('06FGFSEV', NULL);

-- --------------------------------------------------------

--
-- Estructura de tabla para la tabla `grupo`
--

CREATE TABLE `grupo` (
  `idgrupo` int(11) NOT NULL,
  `descripcion` varchar(50) COLLATE utf8_spanish_ci DEFAULT NULL
) ENGINE=InnoDB DEFAULT CHARSET=utf8 COLLATE=utf8_spanish_ci;

--
-- Volcado de datos para la tabla `grupo`
--

INSERT INTO `grupo` (`idgrupo`, `descripcion`) VALUES
(1, 'Grupo A'),
(2, 'Grupo B'),
(3, 'Grupo C'),
(4, 'Grupo D'),
(5, 'Grupo E'),
(6, 'Grupo F'),
(7, 'Grupo G'),
(8, 'Grupo H');

-- --------------------------------------------------------

--
-- Estructura de tabla para la tabla `grupo_pais`
--

CREATE TABLE `grupo_pais` (
  `idgrupopais` int(11) NOT NULL,
  `idgrupo` int(11) DEFAULT NULL,
  `idpais` int(11) DEFAULT NULL,
  `posicion` int(11) DEFAULT NULL,
  `puntuacion` int(11) DEFAULT NULL
) ENGINE=InnoDB DEFAULT CHARSET=utf8 COLLATE=utf8_spanish_ci;

--
-- Volcado de datos para la tabla `grupo_pais`
--

INSERT INTO `grupo_pais` (`idgrupopais`, `idgrupo`, `idpais`, `posicion`, `puntuacion`) VALUES
(1, 1, 1, NULL, 0),
(2, 1, 2, NULL, 0),
(3, 1, 3, NULL, 0),
(4, 1, 4, NULL, 0),
(5, 2, 5, NULL, 0),
(6, 2, 6, NULL, 0),
(7, 2, 7, NULL, 0),
(8, 2, 8, NULL, 0),
(9, 3, 9, NULL, 0),
(10, 3, 10, NULL, 0),
(11, 3, 11, NULL, 0),
(12, 3, 12, NULL, 0),
(13, 4, 13, NULL, 0),
(14, 4, 14, NULL, 0),
(15, 4, 15, NULL, 0),
(16, 4, 16, NULL, 0),
(17, 5, 17, NULL, 0),
(18, 5, 18, NULL, 0),
(19, 5, 19, NULL, 0),
(20, 5, 20, NULL, 0),
(21, 6, 21, NULL, 0),
(22, 6, 22, NULL, 0),
(23, 6, 23, NULL, 0),
(24, 6, 24, NULL, 0),
(25, 7, 25, NULL, 0),
(26, 7, 26, NULL, 0),
(27, 7, 27, NULL, 0),
(28, 7, 28, NULL, 0),
(29, 8, 29, NULL, 0),
(30, 8, 30, NULL, 0),
(31, 8, 31, NULL, 0),
(32, 8, 32, NULL, 0);

-- --------------------------------------------------------

--
-- Estructura de tabla para la tabla `grupo_pais_jugadorpolla`
--

CREATE TABLE `grupo_pais_jugadorpolla` (
  `idgrupopaisjugador` int(11) NOT NULL,
  `codjugadorpolla` varchar(8) COLLATE utf8_spanish_ci DEFAULT NULL,
  `idgrupo` int(11) DEFAULT NULL,
  `idpais` int(11) DEFAULT NULL,
  `posicion` int(11) DEFAULT NULL,
  `puntuacion` float(4,2) DEFAULT NULL
) ENGINE=InnoDB DEFAULT CHARSET=utf8 COLLATE=utf8_spanish_ci;

--
-- Volcado de datos para la tabla `grupo_pais_jugadorpolla`
--

INSERT INTO `grupo_pais_jugadorpolla` (`idgrupopaisjugador`, `codjugadorpolla`, `idgrupo`, `idpais`, `posicion`, `puntuacion`) VALUES
(1466, 'XLSMC24Z', 1, 1, NULL, 0.00),
(1467, 'XLSMC24Z', 1, 3, NULL, 0.00),
(1468, 'XLSMC24Z', 1, 2, NULL, 0.00),
(1469, 'XLSMC24Z', 1, 4, NULL, 0.00),
(1470, 'XLSMC24Z', 2, 5, NULL, 0.00),
(1471, 'XLSMC24Z', 2, 6, NULL, 0.00),
(1472, 'XLSMC24Z', 2, 7, NULL, 0.00),
(1473, 'XLSMC24Z', 2, 8, NULL, 0.00),
(1474, 'XLSMC24Z', 3, 9, NULL, 0.00),
(1475, 'XLSMC24Z', 3, 10, NULL, 0.00),
(1476, 'XLSMC24Z', 3, 11, NULL, 0.00),
(1477, 'XLSMC24Z', 3, 12, NULL, 0.00),
(1482, 'XLSMC24Z', 4, 13, NULL, 0.00),
(1483, 'XLSMC24Z', 4, 14, NULL, 0.00),
(1484, 'XLSMC24Z', 4, 16, NULL, 0.00),
(1485, 'XLSMC24Z', 4, 15, NULL, 0.00),
(1486, 'XLSMC24Z', 5, 17, NULL, 0.00),
(1487, 'XLSMC24Z', 5, 18, NULL, 0.00),
(1488, 'XLSMC24Z', 5, 19, NULL, 0.00),
(1489, 'XLSMC24Z', 5, 20, NULL, 0.00),
(1490, 'XLSMC24Z', 6, 21, NULL, 0.00),
(1491, 'XLSMC24Z', 6, 22, NULL, 0.00),
(1492, 'XLSMC24Z', 6, 23, NULL, 0.00),
(1493, 'XLSMC24Z', 6, 24, NULL, 0.00),
(1494, 'XLSMC24Z', 7, 25, NULL, 0.00),
(1495, 'XLSMC24Z', 7, 26, NULL, 0.00),
(1496, 'XLSMC24Z', 7, 27, NULL, 0.00),
(1497, 'XLSMC24Z', 7, 28, NULL, 0.00),
(1498, 'XLSMC24Z', 8, 29, NULL, 0.00),
(1499, 'XLSMC24Z', 8, 30, NULL, 0.00),
(1500, 'XLSMC24Z', 8, 31, NULL, 0.00),
(1501, 'XLSMC24Z', 8, 32, NULL, 0.00),
(1649, '4A05NRMS', 1, 3, NULL, 0.00),
(1650, '4A05NRMS', 1, 4, NULL, 0.00),
(1651, '4A05NRMS', 1, 1, NULL, 0.00),
(1652, '4A05NRMS', 1, 2, NULL, 0.00),
(1653, '4A05NRMS', 2, 6, NULL, 0.00),
(1654, '4A05NRMS', 2, 5, NULL, 0.00),
(1655, '4A05NRMS', 2, 7, NULL, 0.00),
(1656, '4A05NRMS', 2, 8, NULL, 0.00),
(1657, '4A05NRMS', 3, 9, NULL, 0.00),
(1658, '4A05NRMS', 3, 10, NULL, 0.00),
(1659, '4A05NRMS', 3, 11, NULL, 0.00),
(1660, '4A05NRMS', 3, 12, NULL, 0.00),
(1665, '4A05NRMS', 4, 13, NULL, 0.00),
(1666, '4A05NRMS', 4, 14, NULL, 0.00),
(1667, '4A05NRMS', 4, 15, NULL, 0.00),
(1668, '4A05NRMS', 4, 16, NULL, 0.00),
(1669, '4A05NRMS', 5, 17, NULL, 0.00),
(1670, '4A05NRMS', 5, 19, NULL, 0.00),
(1671, '4A05NRMS', 5, 18, NULL, 0.00),
(1672, '4A05NRMS', 5, 20, NULL, 0.00),
(1673, '4A05NRMS', 6, 21, NULL, 0.00),
(1674, '4A05NRMS', 6, 22, NULL, 0.00),
(1675, '4A05NRMS', 6, 23, NULL, 0.00),
(1676, '4A05NRMS', 6, 24, NULL, 0.00),
(1677, '4A05NRMS', 7, 28, NULL, 0.00),
(1678, '4A05NRMS', 7, 25, NULL, 0.00),
(1679, '4A05NRMS', 7, 26, NULL, 0.00),
(1680, '4A05NRMS', 7, 27, NULL, 0.00),
(1681, '4A05NRMS', 8, 31, NULL, 0.00),
(1682, '4A05NRMS', 8, 32, NULL, 0.00),
(1683, '4A05NRMS', 8, 29, NULL, 0.00),
(1684, '4A05NRMS', 8, 30, NULL, 0.00);

-- --------------------------------------------------------

--
-- Estructura de tabla para la tabla `jugadorpolla`
--

CREATE TABLE `jugadorpolla` (
  `codJugadorPolla` varchar(45) COLLATE utf8_spanish_ci NOT NULL,
  `fechapolla` varchar(45) COLLATE utf8_spanish_ci NOT NULL,
  `identificacion` varchar(100) COLLATE utf8_spanish_ci NOT NULL,
  `nombresJugadorPolla` varchar(80) COLLATE utf8_spanish_ci NOT NULL,
  `email` varchar(80) COLLATE utf8_spanish_ci NOT NULL,
  `movil` varchar(80) COLLATE utf8_spanish_ci NOT NULL,
  `puntosTotal` float(10,2) DEFAULT '0.00',
  `puntosGrupos` float(10,2) NOT NULL DEFAULT '0.00',
  `puntosEliminatorias` float(10,2) NOT NULL DEFAULT '0.00',
  `polla_registrada` int(11) NOT NULL DEFAULT '0'
) ENGINE=InnoDB DEFAULT CHARSET=utf8 COLLATE=utf8_spanish_ci;

--
-- Volcado de datos para la tabla `jugadorpolla`
--

INSERT INTO `jugadorpolla` (`codJugadorPolla`, `fechapolla`, `identificacion`, `nombresJugadorPolla`, `email`, `movil`, `puntosTotal`, `puntosGrupos`, `puntosEliminatorias`, `polla_registrada`) VALUES
('XLSMC24Z', '2018/05/08', '1098763464', 'JAHIR ANDRES NOVA MARTINEZ', 'andrexjahifer@gmail.com', '3156380141', 0.00, 0.00, 0.00, 1);

-- --------------------------------------------------------

--
-- Estructura de tabla para la tabla `pais`
--

CREATE TABLE `pais` (
  `idpais` int(11) NOT NULL,
  `descripcion` varchar(50) COLLATE utf8_spanish_ci DEFAULT NULL
) ENGINE=InnoDB DEFAULT CHARSET=utf8 COLLATE=utf8_spanish_ci;

--
-- Volcado de datos para la tabla `pais`
--

INSERT INTO `pais` (`idpais`, `descripcion`) VALUES
(1, 'Rusia'),
(2, 'Arabia Saudita'),
(3, 'Egipto'),
(4, 'Uruguay'),
(5, 'Portugal'),
(6, 'España'),
(7, 'Marruecos'),
(8, 'Irán'),
(9, 'Francia'),
(10, 'Australia'),
(11, 'Perú'),
(12, 'Dinamarca'),
(13, 'Argentina'),
(14, 'Islandia'),
(15, 'Croacia'),
(16, 'Nigeria	'),
(17, 'Brasil'),
(18, 'Suiza'),
(19, 'Costa Rica'),
(20, 'Serbia'),
(21, 'Alemania'),
(22, 'México'),
(23, 'Suecia'),
(24, 'Corea del Sur'),
(25, 'Bélgica'),
(26, 'Panamá'),
(27, 'Túnez'),
(28, 'Inglaterra'),
(29, 'Polonia'),
(30, 'Senegal'),
(31, 'Colombia'),
(32, 'Japón');

-- --------------------------------------------------------

--
-- Estructura de tabla para la tabla `partido`
--

CREATE TABLE `partido` (
  `idPartido` int(11) NOT NULL,
  `cod_partido` varchar(50) COLLATE utf8_spanish_ci NOT NULL,
  `idPaisLocal` int(11) DEFAULT NULL,
  `idPaisVisitante` int(11) DEFAULT NULL,
  `golesPL` int(11) DEFAULT NULL,
  `golesPV` int(11) DEFAULT NULL,
  `penaltyPL` int(11) DEFAULT NULL,
  `penaltyPV` int(11) DEFAULT NULL,
  `winner` int(11) DEFAULT NULL,
  `round` int(11) DEFAULT NULL
) ENGINE=InnoDB DEFAULT CHARSET=utf8 COLLATE=utf8_spanish_ci;

--
-- Volcado de datos para la tabla `partido`
--

INSERT INTO `partido` (`idPartido`, `cod_partido`, `idPaisLocal`, `idPaisVisitante`, `golesPL`, `golesPV`, `penaltyPL`, `penaltyPV`, `winner`, `round`) VALUES
(1, '1', NULL, NULL, NULL, NULL, NULL, NULL, NULL, 16),
(2, '2', NULL, NULL, NULL, NULL, NULL, NULL, NULL, 16),
(3, '3', NULL, NULL, NULL, NULL, NULL, NULL, NULL, 16),
(4, '4', NULL, NULL, NULL, NULL, NULL, NULL, NULL, 16),
(5, '5', NULL, NULL, NULL, NULL, NULL, NULL, NULL, 16),
(6, '6', NULL, NULL, NULL, NULL, NULL, NULL, NULL, 16),
(7, '7', NULL, NULL, NULL, NULL, NULL, NULL, NULL, 16),
(8, '8', NULL, NULL, NULL, NULL, NULL, NULL, NULL, 16),
(9, '9', NULL, NULL, NULL, NULL, NULL, NULL, NULL, 8),
(10, '10', NULL, NULL, NULL, NULL, NULL, NULL, NULL, 8),
(11, '11', NULL, NULL, NULL, NULL, NULL, NULL, NULL, 8),
(12, '12', NULL, NULL, NULL, NULL, NULL, NULL, NULL, 8),
(13, '13', NULL, NULL, NULL, NULL, NULL, NULL, NULL, 4),
(14, '14', NULL, NULL, NULL, NULL, NULL, NULL, NULL, 4),
(15, '15', NULL, NULL, NULL, NULL, NULL, NULL, NULL, 1),
(16, '16', NULL, NULL, NULL, NULL, NULL, NULL, NULL, 2);

-- --------------------------------------------------------

--
-- Estructura de tabla para la tabla `partido_jugadorpolla`
--

CREATE TABLE `partido_jugadorpolla` (
  `idPartido` int(11) NOT NULL,
  `codJugadorPolla` varchar(45) COLLATE utf8_spanish_ci NOT NULL,
  `idPaisLocal` int(11) NOT NULL DEFAULT '0',
  `idPaisVisitante` int(11) NOT NULL DEFAULT '0',
  `golesLocal` int(11) NOT NULL DEFAULT '0',
  `golesVisitante` int(11) NOT NULL DEFAULT '0',
  `winner` int(11) NOT NULL DEFAULT '0',
  `round` int(11) NOT NULL DEFAULT '0',
  `puntuacion` int(2) DEFAULT NULL
) ENGINE=InnoDB DEFAULT CHARSET=utf8 COLLATE=utf8_spanish_ci;

--
-- Volcado de datos para la tabla `partido_jugadorpolla`
--

INSERT INTO `partido_jugadorpolla` (`idPartido`, `codJugadorPolla`, `idPaisLocal`, `idPaisVisitante`, `golesLocal`, `golesVisitante`, `winner`, `round`, `puntuacion`) VALUES
(1, 'XLSMC24Z', 4, 5, 2, 0, 4, 16, NULL),
(2, 'XLSMC24Z', 9, 16, 3, 0, 9, 16, NULL),
(3, 'XLSMC24Z', 17, 24, 3, 1, 17, 16, NULL),
(4, 'XLSMC24Z', 25, 30, 2, 1, 25, 16, NULL),
(5, 'XLSMC24Z', 6, 3, 2, 0, 6, 16, NULL),
(6, 'XLSMC24Z', 13, 11, 2, 1, 13, 16, NULL),
(7, 'XLSMC24Z', 21, 18, 3, 1, 21, 16, NULL),
(8, 'XLSMC24Z', 31, 28, 2, 0, 31, 16, NULL),
(9, 'XLSMC24Z', 4, 9, 1, 2, 9, 8, NULL),
(10, 'XLSMC24Z', 17, 25, 2, 0, 17, 8, NULL),
(11, 'XLSMC24Z', 6, 13, 2, 3, 13, 8, NULL),
(12, 'XLSMC24Z', 21, 31, 1, 2, 31, 8, NULL),
(13, 'XLSMC24Z', 9, 17, 1, 3, 17, 4, NULL),
(14, 'XLSMC24Z', 13, 31, 1, 2, 31, 4, NULL),
(15, 'XLSMC24Z', 17, 31, 2, 3, 31, 1, NULL),
(16, 'XLSMC24Z', 9, 13, 0, 1, 13, 2, NULL);

--
-- Índices para tablas volcadas
--

--
-- Indices de la tabla `grupo`
--
ALTER TABLE `grupo`
  ADD KEY `pk_idgrupo` (`idgrupo`);

--
-- Indices de la tabla `grupo_pais`
--
ALTER TABLE `grupo_pais`
  ADD UNIQUE KEY `uq_idpaisgrupopais` (`idpais`),
  ADD UNIQUE KEY `uq_idgrupo_posicion` (`posicion`,`idgrupo`,`idgrupopais`) USING BTREE,
  ADD KEY `idgrupopais` (`idgrupopais`),
  ADD KEY `fk_idgrupopais` (`idgrupo`);

--
-- Indices de la tabla `grupo_pais_jugadorpolla`
--
ALTER TABLE `grupo_pais_jugadorpolla`
  ADD PRIMARY KEY (`idgrupopaisjugador`),
  ADD UNIQUE KEY `uq_idgrupo_posicion_JUGADOR` (`idgrupo`,`posicion`,`codjugadorpolla`) USING BTREE,
  ADD UNIQUE KEY `uq_idpaisgrupopais_JUGADOR` (`idpais`,`codjugadorpolla`) USING BTREE,
  ADD KEY `idgrupopaisjugador` (`idgrupopaisjugador`),
  ADD KEY `fk_idgrupopais` (`idgrupo`);

--
-- Indices de la tabla `jugadorpolla`
--
ALTER TABLE `jugadorpolla`
  ADD PRIMARY KEY (`codJugadorPolla`);

--
-- Indices de la tabla `pais`
--
ALTER TABLE `pais`
  ADD KEY `PK_ID_PAIS` (`idpais`);

--
-- Indices de la tabla `partido`
--
ALTER TABLE `partido`
  ADD PRIMARY KEY (`idPartido`),
  ADD UNIQUE KEY `uq_cod_partido` (`cod_partido`),
  ADD KEY `fk_pais_local_par` (`idPaisLocal`),
  ADD KEY `fk_pais_visitante_par` (`idPaisVisitante`);

--
-- Indices de la tabla `partido_jugadorpolla`
--
ALTER TABLE `partido_jugadorpolla`
  ADD PRIMARY KEY (`idPartido`,`codJugadorPolla`),
  ADD KEY `fk_id_pais_local_mar` (`idPaisLocal`),
  ADD KEY `fk_id_pais_visi_mar` (`idPaisVisitante`),
  ADD KEY `fk_codjugadorpollamarcador` (`codJugadorPolla`);

--
-- AUTO_INCREMENT de las tablas volcadas
--

--
-- AUTO_INCREMENT de la tabla `grupo`
--
ALTER TABLE `grupo`
  MODIFY `idgrupo` int(11) NOT NULL AUTO_INCREMENT, AUTO_INCREMENT=9;
--
-- AUTO_INCREMENT de la tabla `grupo_pais`
--
ALTER TABLE `grupo_pais`
  MODIFY `idgrupopais` int(11) NOT NULL AUTO_INCREMENT, AUTO_INCREMENT=97;
--
-- AUTO_INCREMENT de la tabla `grupo_pais_jugadorpolla`
--
ALTER TABLE `grupo_pais_jugadorpolla`
  MODIFY `idgrupopaisjugador` int(11) NOT NULL AUTO_INCREMENT, AUTO_INCREMENT=1721;
--
-- AUTO_INCREMENT de la tabla `pais`
--
ALTER TABLE `pais`
  MODIFY `idpais` int(11) NOT NULL AUTO_INCREMENT, AUTO_INCREMENT=33;
--
-- AUTO_INCREMENT de la tabla `partido`
--
ALTER TABLE `partido`
  MODIFY `idPartido` int(11) NOT NULL AUTO_INCREMENT, AUTO_INCREMENT=17;
--
-- Restricciones para tablas volcadas
--

--
-- Filtros para la tabla `grupo_pais`
--
ALTER TABLE `grupo_pais`
  ADD CONSTRAINT `fk_idgrupopais` FOREIGN KEY (`idgrupo`) REFERENCES `grupo` (`idgrupo`),
  ADD CONSTRAINT `fk_idpaisgrupopais` FOREIGN KEY (`idpais`) REFERENCES `pais` (`idpais`);

--
-- Filtros para la tabla `grupo_pais_jugadorpolla`
--
ALTER TABLE `grupo_pais_jugadorpolla`
  ADD CONSTRAINT `fk_idgrupopais2` FOREIGN KEY (`idgrupo`) REFERENCES `grupo` (`idgrupo`),
  ADD CONSTRAINT `fk_idpaisgrupopais2` FOREIGN KEY (`idpais`) REFERENCES `pais` (`idpais`);

--
-- Filtros para la tabla `partido_jugadorpolla`
--
ALTER TABLE `partido_jugadorpolla`
  ADD CONSTRAINT `fk_codjugadorpollamarcador` FOREIGN KEY (`codJugadorPolla`) REFERENCES `jugadorpolla` (`codJugadorPolla`),
  ADD CONSTRAINT `fk_id_pais_local_mar` FOREIGN KEY (`idPaisLocal`) REFERENCES `pais` (`idpais`),
  ADD CONSTRAINT `fk_id_pais_visi_mar` FOREIGN KEY (`idPaisVisitante`) REFERENCES `pais` (`idpais`);

/*!40101 SET CHARACTER_SET_CLIENT=@OLD_CHARACTER_SET_CLIENT */;
/*!40101 SET CHARACTER_SET_RESULTS=@OLD_CHARACTER_SET_RESULTS */;
/*!40101 SET COLLATION_CONNECTION=@OLD_COLLATION_CONNECTION */;
